City,Latitude,Longitude,Max Temperature,Humidity,Cloud Coverage,Windspeed,Country,City Date Time,Weather Description
okato,-39.2,173.8833,51.69,86.0,86.0,4.61,NZ,2021-07-24 04:51:50,few clouds
eureka,40.8021,-124.1637,56.35,78.0,78.0,1.01,US,2021-07-24 04:50:02,clear sky
ushuaia,-54.8,-68.3,37.06,75.0,75.0,5.75,AR,2021-07-24 04:50:39,light rain
mataura,-46.1927,168.8643,44.56,87.0,87.0,3.38,NZ,2021-07-24 04:53:03,scattered clouds
xinqing,48.2333,129.5,92.3,33.0,33.0,12.33,CN,2021-07-24 04:53:04,few clouds
moron,-34.6534,-58.6198,62.98,80.0,80.0,1.99,AR,2021-07-24 04:53:04,overcast clouds
avarua,-21.2078,-159.775,73.45,78.0,78.0,4.61,CK,2021-07-24 04:53:04,few clouds
tumsar,21.3833,79.7333,75.99,91.0,91.0,8.97,IN,2021-07-24 04:53:05,heavy intensity rain
nanortalik,60.1432,-45.2371,42.31,91.0,91.0,10.4,GL,2021-07-24 04:53:05,broken clouds
busselton,-33.65,115.3333,60.08,66.0,66.0,14.54,AU,2021-07-24 04:53:05,overcast clouds
batagay-alyta,67.8006,130.4114,74.75,37.0,37.0,7.9,RU,2021-07-24 04:53:06,few clouds
beringovskiy,63.05,179.3167,52.54,88.0,88.0,6.22,RU,2021-07-24 04:53:06,overcast clouds
grand river south east,,,,,,,,,
bathsheba,13.2167,-59.5167,81.21,83.0,83.0,13.8,BB,2021-07-24 04:53:07,broken clouds
isangel,-19.55,169.2667,82.51,78.0,78.0,0.0,VU,2021-07-24 04:53:07,broken clouds
awjilah,29.1081,21.2869,76.89,47.0,47.0,9.1,LY,2021-07-24 04:53:07,clear sky
punta arenas,-53.15,-70.9167,37.51,87.0,87.0,28.77,CL,2021-07-24 04:50:29,clear sky
hilo,19.7297,-155.09,81.28,86.0,86.0,8.05,US,2021-07-24 04:52:33,moderate rain
hithadhoo,-0.6,73.0833,81.27,73.0,73.0,2.17,MV,2021-07-24 04:53:08,broken clouds
illoqqortoormiut,,,,,,,,,
airai,-8.9266,125.4092,77.67,22.0,22.0,5.48,TL,2021-07-24 04:53:09,broken clouds
powell,40.1578,-83.0752,69.96,85.0,85.0,0.0,US,2021-07-24 04:53:09,scattered clouds
karratha,-20.7377,116.8463,82.45,29.0,29.0,14.9,AU,2021-07-24 04:53:09,few clouds
baker city,44.7749,-117.8344,65.64,29.0,29.0,5.64,US,2021-07-24 04:53:10,clear sky
pevek,69.7008,170.3133,39.99,92.0,92.0,4.34,RU,2021-07-24 04:53:10,overcast clouds
rikitea,-23.1203,-134.9692,70.09,56.0,56.0,10.29,PF,2021-07-24 04:53:10,clear sky
lukovetskiy,64.2956,41.9211,48.18,73.0,73.0,8.34,RU,2021-07-24 04:53:11,light rain
olinda,-8.0089,-34.8553,71.33,78.0,78.0,4.61,BR,2021-07-24 04:53:11,scattered clouds
xichang,27.8964,102.2634,81.16,68.0,68.0,0.49,CN,2021-07-24 04:53:12,overcast clouds
rungata,,,,,,,,,
cockburn town,21.4612,-71.1419,81.72,82.0,82.0,20.54,TC,2021-07-24 04:53:12,few clouds
puerto ayora,-0.7393,-90.3518,71.55,88.0,88.0,1.99,EC,2021-07-24 04:53:12,broken clouds
leningradskiy,69.3833,178.4167,39.33,83.0,83.0,5.06,RU,2021-07-24 04:53:13,overcast clouds
faanui,-16.4833,-151.75,78.24,65.0,65.0,13.18,PF,2021-07-24 04:53:13,scattered clouds
coihaique,-45.5752,-72.0662,35.55,87.0,87.0,8.05,CL,2021-07-24 04:53:14,broken clouds
yeniseysk,58.4497,92.1703,83.64,33.0,33.0,9.42,RU,2021-07-24 04:53:14,clear sky
attawapiskat,,,,,,,,,
albany,42.6001,-73.9662,61.03,90.0,90.0,3.36,US,2021-07-24 04:53:06,clear sky
bandar-e lengeh,26.5579,54.8807,95.11,71.0,71.0,4.61,IR,2021-07-24 04:53:15,haze
pipri,19.8,75.5333,79.38,83.0,83.0,4.61,IN,2021-07-24 04:53:15,broken clouds
taolanaro,,,,,,,,,
saint-pierre,-21.3393,55.4781,73.04,51.0,51.0,5.75,RE,2021-07-24 04:53:16,clear sky
lompoc,34.6391,-120.4579,64.11,90.0,90.0,4.61,US,2021-07-24 04:53:16,mist
ghatanji,20.1333,78.3167,84.15,70.0,70.0,14.36,IN,2021-07-24 04:53:16,overcast clouds
caravelas,-17.7125,-39.2481,69.93,67.0,67.0,6.93,BR,2021-07-24 04:53:17,broken clouds
fort saint john,,,,,,,,,
le vauclin,14.5452,-60.8388,79.84,94.0,94.0,3.44,MQ,2021-07-24 04:53:17,scattered clouds
port elizabeth,-33.918,25.5701,37.69,93.0,93.0,0.0,ZA,2021-07-24 04:49:38,clear sky
hasaki,35.7333,140.8333,88.2,71.0,71.0,9.66,JP,2021-07-24 04:53:18,clear sky
wagar,16.1525,36.2032,74.91,86.0,86.0,15.03,SD,2021-07-24 04:53:18,overcast clouds
alta floresta,-9.8756,-56.0861,68.61,52.0,52.0,3.58,BR,2021-07-24 04:53:18,few clouds
sinkat,,,,,,,,,
hobart,-42.8794,147.3294,56.26,66.0,66.0,5.01,AU,2021-07-24 04:50:10,light rain
ahipara,-35.1667,173.1667,56.62,75.0,75.0,4.52,NZ,2021-07-24 04:53:19,clear sky
hermanus,-34.4187,19.2345,47.89,60.0,60.0,9.48,ZA,2021-07-24 04:53:20,clear sky
port alfred,-33.5906,26.891,49.51,67.0,67.0,8.08,ZA,2021-07-24 04:53:20,scattered clouds
padang,-0.9492,100.3543,87.85,65.0,65.0,5.61,ID,2021-07-24 04:53:20,overcast clouds
quang ngai,15.1167,108.8,88.48,56.0,56.0,1.63,VN,2021-07-24 04:53:21,overcast clouds
sosua,19.7667,-70.5167,78.53,90.0,90.0,10.49,DO,2021-07-24 04:53:21,clear sky
upernavik,72.7868,-56.1549,38.5,96.0,96.0,12.44,GL,2021-07-24 04:53:21,overcast clouds
vaini,-21.2,-175.2,80.76,89.0,89.0,4.61,TO,2021-07-24 04:53:22,few clouds
nicolas bravo,18.45,-88.9167,77.95,96.0,96.0,0.81,MX,2021-07-24 04:53:22,overcast clouds
talnakh,69.4865,88.3972,67.96,81.0,81.0,19.51,RU,2021-07-24 04:53:23,light rain
saldanha,-33.0117,17.9442,37.45,54.0,54.0,9.37,ZA,2021-07-24 04:53:23,clear sky
qaanaaq,77.484,-69.3632,37.83,79.0,79.0,1.36,GL,2021-07-24 04:53:23,broken clouds
jinan,36.6683,116.9972,95.09,41.0,41.0,2.48,CN,2021-07-24 04:53:24,light rain
vaitupu,,,,,,,,,
axim,4.8699,-2.2405,75.34,81.0,81.0,7.87,GH,2021-07-24 04:53:24,overcast clouds
utiel,39.5667,-1.2,66.65,27.0,27.0,4.9,ES,2021-07-24 04:53:25,clear sky
sambava,-14.2667,50.1667,70.45,70.0,70.0,10.74,MG,2021-07-24 04:53:25,clear sky
pimentel,-6.8367,-79.9342,64.99,83.0,83.0,3.0,PE,2021-07-24 04:53:25,broken clouds
jamestown,42.097,-79.2353,65.84,71.0,71.0,6.91,US,2021-07-24 04:53:26,clear sky
butaritari,3.0707,172.7902,83.98,73.0,73.0,18.12,KI,2021-07-24 04:53:26,light rain
makakilo city,21.3469,-158.0858,80.56,68.0,68.0,9.22,US,2021-07-24 04:53:26,clear sky
kostinbrod,42.8167,23.2167,69.51,64.0,64.0,1.07,BG,2021-07-24 04:53:27,scattered clouds
vallenar,-28.5708,-70.7581,50.97,83.0,83.0,2.24,CL,2021-07-24 04:53:27,clear sky
cayenne,4.9333,-52.3333,80.1,86.0,86.0,0.0,GF,2021-07-24 04:53:27,few clouds
carnarvon,-24.8667,113.6333,69.87,44.0,44.0,16.11,AU,2021-07-24 04:53:28,broken clouds
kota kinabalu,5.9749,116.0724,89.58,79.0,79.0,5.75,MY,2021-07-24 04:53:28,few clouds
jabiru,,,,,,,,,
alegrete,-29.7831,-55.7919,57.92,70.0,70.0,6.93,BR,2021-07-24 04:49:37,clear sky
chokurdakh,70.6333,147.9167,50.85,55.0,55.0,14.85,RU,2021-07-24 04:53:29,overcast clouds
ribeira grande,38.5167,-28.7,71.06,95.0,95.0,8.21,PT,2021-07-24 04:53:29,overcast clouds
cervo,43.6702,-7.4101,63.97,75.0,75.0,10.4,ES,2021-07-24 04:53:30,scattered clouds
mahebourg,-20.4081,57.7,74.25,94.0,94.0,6.91,MU,2021-07-24 04:53:30,broken clouds
nantucket,41.2835,-70.0995,67.96,85.0,85.0,2.39,US,2021-07-24 04:53:30,clear sky
los altos,37.3852,-122.1141,68.43,75.0,75.0,1.99,US,2021-07-24 04:53:02,clear sky
port hardy,50.6996,-127.4199,57.38,100.0,100.0,4.61,CA,2021-07-24 04:49:15,mist
fairbanks,64.8378,-147.7164,68.59,87.0,87.0,0.0,US,2021-07-24 04:52:41,light rain
san-pedro,4.7485,-6.6363,75.16,74.0,74.0,6.29,CI,2021-07-24 04:53:31,overcast clouds
ponta do sol,32.6667,-17.1,70.43,77.0,77.0,5.28,PT,2021-07-24 04:53:32,clear sky
vila velha,-20.3297,-40.2925,64.35,88.0,88.0,4.61,BR,2021-07-24 04:53:32,overcast clouds
kaitangata,-46.2817,169.8464,50.94,72.0,72.0,7.38,NZ,2021-07-24 04:53:32,few clouds
hamilton,39.1834,-84.5333,72.21,85.0,85.0,3.44,US,2021-07-24 04:45:13,clear sky
lasa,46.6166,10.7002,67.03,73.0,73.0,2.26,IT,2021-07-24 04:53:33,broken clouds
la paz,-16.5,-68.15,46.38,52.0,52.0,6.91,BO,2021-07-24 04:50:13,broken clouds
tsihombe,,,,,,,,,
saint-philippe,-21.3585,55.7679,72.95,67.0,67.0,7.38,RE,2021-07-24 04:53:34,few clouds
torbay,47.6666,-52.7314,58.48,97.0,97.0,3.44,CA,2021-07-24 04:53:34,fog
beloha,-25.1667,45.05,63.72,54.0,54.0,8.21,MG,2021-07-24 04:53:34,broken clouds
axixa do tocantins,,,,,,,,,
new norfolk,-42.7826,147.0587,55.92,78.0,78.0,7.0,AU,2021-07-24 04:53:35,overcast clouds
bluff,-46.6,168.3333,49.55,76.0,76.0,5.28,NZ,2021-07-24 04:53:35,broken clouds
pochutla,15.7432,-96.4661,79.83,86.0,86.0,5.03,MX,2021-07-24 04:53:36,overcast clouds
ahuimanu,21.4447,-157.8378,81.75,68.0,68.0,11.5,US,2021-07-24 04:53:36,scattered clouds
atuona,-9.8,-139.0333,77.29,79.0,79.0,11.65,PF,2021-07-24 04:53:36,broken clouds
bethel,41.3712,-73.414,66.69,86.0,86.0,0.0,US,2021-07-24 04:51:59,clear sky
balkhash,46.844,74.9804,86.61,26.0,26.0,8.95,KZ,2021-07-24 04:53:37,clear sky
tselinnoye,53.0833,85.6667,72.93,71.0,71.0,7.78,RU,2021-07-24 04:53:37,overcast clouds
bardiyah,31.7561,25.0865,78.58,60.0,60.0,15.84,LY,2021-07-24 04:53:38,clear sky
salalah,17.0151,54.0924,77.68,96.0,96.0,12.93,OM,2021-07-24 04:53:38,overcast clouds
matara,5.9485,80.5353,81.75,80.0,80.0,11.68,LK,2021-07-24 04:53:39,scattered clouds
ailigandi,9.2333,-78.0167,78.58,87.0,87.0,3.94,PA,2021-07-24 04:53:39,overcast clouds
sola,-13.8833,167.55,80.89,73.0,73.0,14.74,VU,2021-07-24 04:53:39,broken clouds
sosnovo-ozerskoye,52.5249,111.5418,60.06,75.0,75.0,0.67,RU,2021-07-24 04:53:40,overcast clouds
antalaha,-14.9003,50.2788,71.94,68.0,68.0,9.04,MG,2021-07-24 04:53:40,scattered clouds
dikson,73.5069,80.5464,43.7,87.0,87.0,34.9,RU,2021-07-24 04:53:41,moderate rain
severodvinsk,64.5635,39.8302,48.31,71.0,71.0,12.15,RU,2021-07-24 04:53:41,moderate rain
lima,-12.0432,-77.0282,59.25,88.0,88.0,10.36,PE,2021-07-24 04:53:16,light intensity drizzle
codrington,-38.2667,141.9667,52.12,76.0,76.0,16.28,AU,2021-07-24 04:53:41,light rain
namatanai,-3.6667,152.4333,84.16,71.0,71.0,8.43,PG,2021-07-24 04:53:42,broken clouds
sao geraldo do araguaia,-6.4006,-48.555,72.23,47.0,47.0,3.4,BR,2021-07-24 04:53:42,clear sky
mar del plata,-38.0023,-57.5575,50.13,63.0,63.0,11.99,AR,2021-07-24 04:52:12,clear sky
bredasdorp,-34.5322,20.0403,46.27,87.0,87.0,8.05,ZA,2021-07-24 04:53:43,clear sky
utiroa,,,,,,,,,
mys shmidta,,,,,,,,,
chimbote,-9.0853,-78.5783,63.57,84.0,84.0,9.4,PE,2021-07-24 04:52:27,overcast clouds
bud,39.447,-86.1758,75.04,91.0,91.0,5.75,US,2021-07-24 04:53:44,few clouds
arraial do cabo,-22.9661,-42.0278,68.2,73.0,73.0,19.26,BR,2021-07-24 04:53:44,clear sky
muros,42.7762,-9.0603,64.24,94.0,94.0,4.52,ES,2021-07-24 04:53:44,scattered clouds
castro,-24.7911,-50.0119,49.39,77.0,77.0,3.04,BR,2021-07-24 04:53:45,clear sky
east london,-33.0153,27.9116,43.74,87.0,87.0,9.22,ZA,2021-07-24 04:53:45,clear sky
domoni,-12.2569,44.5319,77.32,68.0,68.0,16.26,KM,2021-07-24 04:53:45,light rain
lata,40.1629,-8.3327,60.82,97.0,97.0,1.79,PT,2021-07-24 04:53:46,broken clouds
georgetown,5.4112,100.3354,90.9,66.0,66.0,1.01,MY,2021-07-24 04:53:46,few clouds
lakes entrance,-37.8811,147.981,59.18,49.0,49.0,13.91,AU,2021-07-24 04:53:47,scattered clouds
kupang,-10.1667,123.5833,88.38,40.0,40.0,11.5,ID,2021-07-24 04:53:47,few clouds
thompson,55.7435,-97.8558,57.36,94.0,94.0,8.05,CA,2021-07-24 04:53:47,scattered clouds
cedar city,37.6775,-113.0619,71.4,44.0,44.0,1.32,US,2021-07-24 04:53:48,overcast clouds
amderma,,,,,,,,,
cape town,-33.9258,18.4232,48.11,88.0,88.0,6.91,ZA,2021-07-24 04:53:48,clear sky
magdagachi,53.45,125.8,83.3,45.0,45.0,7.65,RU,2021-07-24 04:53:49,broken clouds
urumqi,43.801,87.6005,86.95,27.0,27.0,6.71,CN,2021-07-24 04:50:42,clear sky
zaysan,47.4667,84.8667,85.23,32.0,32.0,9.57,KZ,2021-07-24 04:53:49,clear sky
tiksi,71.6872,128.8694,45.14,79.0,79.0,6.91,RU,2021-07-24 04:53:50,broken clouds
leshukonskoye,64.8989,45.7622,48.74,64.0,64.0,9.57,RU,2021-07-24 04:53:50,scattered clouds
hofn,64.2539,-15.2082,53.31,99.0,99.0,5.44,IS,2021-07-24 04:53:50,overcast clouds
deputatskiy,69.3,139.9,65.93,45.0,45.0,10.4,RU,2021-07-24 04:53:51,broken clouds
ixtapa,20.7,-105.2,77.23,93.0,93.0,4.14,MX,2021-07-24 04:53:51,overcast clouds
ca mau,9.1769,105.15,91.69,52.0,52.0,13.71,VN,2021-07-24 04:53:52,overcast clouds
eyl,7.9803,49.8164,79.56,63.0,63.0,29.93,SO,2021-07-24 04:53:52,broken clouds
longyearbyen,78.2186,15.6401,44.44,87.0,87.0,10.36,SJ,2021-07-24 04:53:27,broken clouds
udachnyy,66.4167,112.4,71.62,44.0,44.0,12.82,RU,2021-07-24 04:53:53,broken clouds
lebu,-37.6167,-73.65,48.34,82.0,82.0,6.85,CL,2021-07-24 04:53:53,overcast clouds
samusu,,,,,,,,,
talavera de la reina,39.9635,-4.8308,60.06,53.0,53.0,2.84,ES,2021-07-24 04:53:54,scattered clouds
kurumkan,54.3,110.3,71.89,58.0,58.0,3.78,RU,2021-07-24 04:53:54,overcast clouds
cherskiy,68.75,161.3,52.74,56.0,56.0,10.98,RU,2021-07-24 04:53:54,broken clouds
puerto penasco,31.3167,-113.5333,86.92,72.0,72.0,15.01,MX,2021-07-24 04:52:28,overcast clouds
hualmay,-11.0964,-77.6139,62.51,84.0,84.0,8.59,PE,2021-07-24 04:53:55,scattered clouds
mega,4.05,38.3,54.99,78.0,78.0,16.53,ET,2021-07-24 04:53:55,broken clouds
zhigansk,66.7697,123.3711,74.08,36.0,36.0,12.35,RU,2021-07-24 04:53:56,overcast clouds
celestun,20.8667,-90.4,80.04,83.0,83.0,11.9,MX,2021-07-24 04:53:56,overcast clouds
bulungu,-4.55,18.6,64.56,47.0,47.0,1.57,CD,2021-07-24 04:53:11,few clouds
chuy,-33.6971,-53.4616,57.58,91.0,91.0,6.08,UY,2021-07-24 04:53:56,light rain
kollumerland,,,,,,,,,
berlevag,70.8578,29.0864,45.57,84.0,84.0,34.65,NO,2021-07-24 04:53:57,overcast clouds
gornopravdinsk,60.05,69.9,58.78,85.0,85.0,4.34,RU,2021-07-24 04:53:57,light rain
bengkulu,-3.8004,102.2655,84.78,64.0,64.0,5.97,ID,2021-07-24 04:53:58,broken clouds
ancud,-41.8697,-73.8203,35.13,83.0,83.0,7.83,CL,2021-07-24 04:53:58,clear sky
junction city,39.0286,-96.8314,82.4,73.0,73.0,5.01,US,2021-07-24 04:53:59,clear sky
yellowknife,62.456,-114.3525,63.12,94.0,94.0,3.0,CA,2021-07-24 04:53:59,light intensity shower rain
rio claro,-22.4114,-47.5614,48.79,48.0,48.0,4.43,BR,2021-07-24 04:53:59,clear sky
grand gaube,-20.0064,57.6608,74.37,64.0,64.0,8.99,MU,2021-07-24 04:54:00,scattered clouds
gorontalo,0.5412,123.0595,88.56,45.0,45.0,8.48,ID,2021-07-24 04:54:00,overcast clouds
miastko,54.0028,16.9826,61.52,78.0,78.0,5.03,PL,2021-07-24 04:54:00,clear sky
luderitz,-26.6481,15.1594,60.94,26.0,26.0,18.03,NA,2021-07-24 04:54:01,few clouds
manicore,-5.8092,-61.3003,76.95,100.0,100.0,2.3,BR,2021-07-24 04:54:01,clear sky
taybad,34.74,60.7756,94.53,10.0,10.0,18.97,IR,2021-07-24 04:54:02,clear sky
wisconsin rapids,44.3836,-89.8174,78.35,79.0,79.0,9.44,US,2021-07-24 04:54:02,overcast clouds
cap malheureux,-19.9842,57.6142,74.46,64.0,64.0,8.99,MU,2021-07-24 04:54:02,scattered clouds
udalguri,26.7667,92.1333,90.23,69.0,69.0,4.09,IN,2021-07-24 04:54:03,few clouds
russell,32.3502,-85.1999,76.71,91.0,91.0,0.0,US,2021-07-24 04:54:03,clear sky
bubaque,11.2833,-15.8333,78.58,80.0,80.0,11.12,GW,2021-07-24 04:54:03,overcast clouds
north mankato,44.1733,-94.0339,81.95,90.0,90.0,9.22,US,2021-07-24 04:54:04,light rain
santa maria da vitoria,-13.3947,-44.1886,65.66,59.0,59.0,6.49,BR,2021-07-24 04:54:05,few clouds
cidreira,-30.1811,-50.2056,59.7,79.0,79.0,3.58,BR,2021-07-24 04:54:06,clear sky
landang,,,,,,,,,
gravdal,68.1214,13.5031,52.21,98.0,98.0,16.31,NO,2021-07-24 04:54:06,overcast clouds
pacific grove,36.6177,-121.9166,61.43,89.0,89.0,3.0,US,2021-07-24 04:54:07,scattered clouds
hayden,47.766,-116.7866,74.39,43.0,43.0,5.75,US,2021-07-24 04:54:07,clear sky
tasiilaq,65.6145,-37.6368,38.1,99.0,99.0,1.88,GL,2021-07-24 04:54:07,light rain
tuatapere,-46.1333,167.6833,49.17,82.0,82.0,4.21,NZ,2021-07-24 04:54:08,overcast clouds
kamenskoye,,,,,,,,,
westport,41.1415,-73.3579,71.94,84.0,84.0,1.01,US,2021-07-24 04:54:08,scattered clouds
erenhot,43.6475,111.9767,81.63,38.0,38.0,7.63,CN,2021-07-24 04:54:09,overcast clouds
berbera,10.4396,45.0143,89.08,43.0,43.0,33.91,SO,2021-07-24 04:54:09,overcast clouds
port macquarie,-31.4333,152.9167,68.9,51.0,51.0,13.51,AU,2021-07-24 04:54:09,clear sky
kavaratti,10.5669,72.642,81.73,83.0,83.0,19.3,IN,2021-07-24 04:54:10,overcast clouds
tanete,-3.9443,119.7848,88.3,44.0,44.0,12.68,ID,2021-07-24 04:54:10,overcast clouds
fortuna,40.5982,-124.1573,55.92,84.0,84.0,6.91,US,2021-07-24 04:54:10,clear sky
nampula,-15.1165,39.2666,64.35,77.0,77.0,14.97,MZ,2021-07-24 04:54:11,broken clouds
binga,-17.6203,27.3414,61.02,44.0,44.0,5.64,ZW,2021-07-24 04:54:11,broken clouds
atar,20.5169,-13.0499,82.72,28.0,28.0,5.57,MR,2021-07-24 04:54:12,few clouds
sinnamary,5.3833,-52.95,76.86,89.0,89.0,11.45,GF,2021-07-24 04:54:12,broken clouds
cabo san lucas,22.8909,-109.9124,88.81,77.0,77.0,8.99,MX,2021-07-24 04:54:12,clear sky
san carlos de bariloche,-41.1456,-71.3082,29.95,55.0,55.0,6.91,AR,2021-07-24 04:54:13,clear sky
marovoay,-16.1,46.6333,66.34,58.0,58.0,8.25,MG,2021-07-24 04:54:13,clear sky
tukrah,32.5341,20.5791,77.67,63.0,63.0,7.58,LY,2021-07-24 04:54:13,clear sky
victoria,22.2855,114.1577,94.24,77.0,77.0,1.99,HK,2021-07-24 04:50:59,clear sky
barrow,71.2906,-156.7887,37.42,87.0,87.0,12.66,US,2021-07-24 04:50:01,overcast clouds
haines junction,60.7522,-137.5108,60.75,51.0,51.0,13.8,CA,2021-07-24 04:54:14,scattered clouds
nikolskoye,59.7035,30.7861,61.81,56.0,56.0,4.36,RU,2021-07-24 04:54:15,broken clouds
manta,-0.95,-80.7333,73.18,83.0,83.0,8.05,EC,2021-07-24 04:54:15,overcast clouds
teguise,29.0605,-13.564,68.22,78.0,78.0,25.32,ES,2021-07-24 04:54:15,clear sky
dali,25.7,100.1833,76.08,63.0,63.0,3.13,CN,2021-07-24 04:54:16,broken clouds
sur,22.5667,59.5289,93.96,51.0,51.0,9.64,OM,2021-07-24 04:54:16,overcast clouds
gvarv,59.3875,9.1737,67.39,64.0,64.0,1.23,NO,2021-07-24 04:54:16,clear sky
komsomolskiy,40.4272,71.7189,92.12,27.0,27.0,2.3,UZ,2021-07-24 04:54:17,clear sky
kahului,20.8947,-156.47,80.62,81.0,81.0,23.02,US,2021-07-24 04:52:15,scattered clouds
kruisfontein,-34.0033,24.7314,40.62,77.0,77.0,6.73,ZA,2021-07-24 04:54:17,clear sky
deshnok,27.7986,73.3447,92.34,46.0,46.0,2.86,IN,2021-07-24 04:54:18,broken clouds
maracaibo,10.6317,-71.6406,81.23,79.0,79.0,9.17,VE,2021-07-24 04:54:18,overcast clouds
nuuk,64.1835,-51.7216,42.3,94.0,94.0,33.42,GL,2021-07-24 04:54:18,light rain
mangai,-4.05,19.5333,63.77,45.0,45.0,0.25,CD,2021-07-24 04:54:19,clear sky
gangotri,,,,,,,,,
kapaa,22.0752,-159.319,82.38,82.0,82.0,1.99,US,2021-07-24 04:54:19,light rain
nortelandia,-14.4547,-56.8028,69.51,50.0,50.0,3.87,BR,2021-07-24 04:54:20,few clouds
poum,-20.2333,164.0167,74.8,82.0,82.0,7.02,NC,2021-07-24 04:54:20,clear sky
hesla,24.0667,85.8833,79.54,87.0,87.0,12.1,IN,2021-07-24 04:54:20,overcast clouds
saryshagan,,,,,,,,,
kachikau,,,,,,,,,
rocha,-34.4833,-54.3333,56.77,87.0,87.0,3.51,UY,2021-07-24 04:54:21,broken clouds
panama city,8.9936,-79.5197,79.38,91.0,91.0,2.3,PA,2021-07-24 04:51:04,broken clouds
kodiak,57.79,-152.4072,51.19,97.0,97.0,7.65,US,2021-07-24 04:54:22,overcast clouds
atyrau,47.1167,51.8833,75.22,78.0,78.0,13.42,KZ,2021-07-24 04:54:22,scattered clouds
arcata,40.8665,-124.0828,56.19,76.0,76.0,5.03,US,2021-07-24 04:54:22,clear sky
belushya guba,,,,,,,,,
serebryanyy bor,56.8,124.8,57.11,96.0,96.0,6.78,RU,2021-07-24 04:54:23,light rain
rudnogorsk,57.2639,103.7519,80.49,32.0,32.0,5.91,RU,2021-07-24 04:54:23,clear sky
asau,46.4333,26.4,67.39,71.0,71.0,0.81,RO,2021-07-24 04:54:24,overcast clouds
central point,42.376,-122.9164,84.33,23.0,23.0,8.05,US,2021-07-24 04:50:27,clear sky
broome,42.2506,-75.833,61.0,83.0,83.0,0.45,US,2021-07-24 04:54:24,clear sky
lavumisa,-27.31,31.892,45.73,64.0,64.0,4.54,SZ,2021-07-24 04:54:25,scattered clouds
rajshahi,24.3667,88.6,81.64,87.0,87.0,14.0,BD,2021-07-24 04:54:25,overcast clouds
fairfield,41.2668,-73.3162,68.97,81.0,81.0,0.0,US,2021-07-24 04:50:37,clear sky
saint george,37.1041,-113.5841,86.63,45.0,45.0,1.01,US,2021-07-24 04:54:25,clear sky
nizhneyansk,,,,,,,,,
rence,45.89,13.6686,73.99,82.0,82.0,4.61,SI,2021-07-24 04:54:26,scattered clouds
indian head,38.6001,-77.1622,71.89,82.0,82.0,0.0,US,2021-07-24 04:54:26,clear sky
saskylakh,71.9167,114.0833,57.58,67.0,67.0,15.59,RU,2021-07-24 04:54:27,overcast clouds
morro bay,35.3658,-120.8499,64.26,89.0,89.0,1.01,US,2021-07-24 04:54:27,scattered clouds
kloulklubed,7.0419,134.2556,85.03,76.0,76.0,16.75,PW,2021-07-24 04:54:28,overcast clouds
northam,51.0333,-4.2167,62.65,95.0,95.0,18.63,GB,2021-07-24 04:54:28,overcast clouds
iqaluit,63.7506,-68.5145,47.93,76.0,76.0,3.0,CA,2021-07-24 04:54:28,broken clouds
lazaro cardenas,17.9583,-102.2,80.98,84.0,84.0,2.08,MX,2021-07-24 04:54:29,overcast clouds
kassala,15.451,36.4,72.97,90.0,90.0,11.81,SD,2021-07-24 04:54:29,overcast clouds
nelson bay,-32.7167,152.15,64.99,51.0,51.0,5.01,AU,2021-07-24 04:54:29,few clouds
namibe,-15.1961,12.1522,64.27,78.0,78.0,3.58,AO,2021-07-24 04:53:32,clear sky
constitucion,-35.3333,-72.4167,50.18,88.0,88.0,6.6,CL,2021-07-24 04:54:30,broken clouds
zhaozhou,45.6833,125.3167,92.79,39.0,39.0,15.84,CN,2021-07-24 04:54:30,broken clouds
bougouni,11.417,-7.479,70.54,96.0,96.0,6.17,ML,2021-07-24 04:54:31,overcast clouds
imbituba,-28.24,-48.6703,62.82,76.0,76.0,10.74,BR,2021-07-24 04:54:31,clear sky
mokhsogollokh,61.4681,128.9203,60.08,97.0,97.0,10.45,RU,2021-07-24 04:54:31,moderate rain
esperance,-33.8667,121.9,60.64,69.0,69.0,22.77,AU,2021-07-24 04:54:32,overcast clouds
yar-sale,66.8333,70.8333,60.76,53.0,53.0,8.84,RU,2021-07-24 04:54:32,clear sky
nome,64.5011,-165.4064,54.16,72.0,72.0,13.29,US,2021-07-24 04:54:33,scattered clouds
grindavik,63.8424,-22.4338,55.56,100.0,100.0,14.97,IS,2021-07-24 04:54:33,overcast clouds
palabuhanratu,,,,,,,,,
solnechnyy,50.7214,136.6319,96.4,30.0,30.0,11.27,RU,2021-07-24 04:54:33,scattered clouds
yumen,40.2833,97.2,83.93,34.0,34.0,5.57,CN,2021-07-24 04:54:34,overcast clouds
touros,-5.1989,-35.4608,74.3,82.0,82.0,15.48,BR,2021-07-24 04:54:34,scattered clouds
vila franca do campo,37.7167,-25.4333,70.21,95.0,95.0,6.04,PT,2021-07-24 04:54:35,overcast clouds
boffa,10.1667,-14.0333,74.3,93.0,93.0,2.15,GN,2021-07-24 04:54:35,light rain
araguatins,,,,,,,,,
honningsvag,70.9821,25.9704,45.84,92.0,92.0,29.82,NO,2021-07-24 04:54:36,overcast clouds
klaksvik,62.2266,-6.589,50.92,93.0,93.0,16.02,FO,2021-07-24 04:54:36,few clouds
louis trichardt,-23.0439,29.9032,40.3,76.0,76.0,9.82,ZA,2021-07-24 04:54:36,few clouds
guerrero negro,27.9769,-114.0611,69.78,84.0,84.0,14.0,MX,2021-07-24 04:50:05,broken clouds
praya,14.9215,-23.5087,75.74,69.0,69.0,6.91,CV,2021-07-24 04:54:37,broken clouds
portland,45.5234,-122.6762,76.44,57.0,57.0,1.01,US,2021-07-24 04:53:07,clear sky
avera,33.194,-82.5271,78.71,70.0,70.0,7.09,US,2021-07-24 04:54:37,clear sky
gatesville,31.4352,-97.7439,82.35,74.0,74.0,5.75,US,2021-07-24 04:54:38,clear sky
kragero,58.8693,9.4149,64.15,66.0,66.0,2.53,NO,2021-07-24 04:54:38,clear sky
umzimvubu,,,,,,,,,
ostrovnoy,68.0531,39.5131,43.48,95.0,95.0,26.75,RU,2021-07-24 04:54:39,overcast clouds
dingle,10.9995,122.6711,86.68,68.0,68.0,20.42,PH,2021-07-24 04:54:39,overcast clouds
tuktoyaktuk,69.4541,-133.0374,57.2,62.0,62.0,13.8,CA,2021-07-24 04:54:40,broken clouds
general pico,-35.6566,-63.7568,46.89,58.0,58.0,11.43,AR,2021-07-24 04:54:40,overcast clouds
alofi,-19.0595,-169.9187,78.69,83.0,83.0,8.05,NU,2021-07-24 04:54:40,few clouds
orsha,54.5153,30.4053,62.71,79.0,79.0,7.34,BY,2021-07-24 04:54:41,clear sky
putol,13.9922,120.7275,76.48,89.0,89.0,16.96,PH,2021-07-24 04:54:41,moderate rain
yenagoa,4.9247,6.2642,73.72,89.0,89.0,3.78,NG,2021-07-24 04:54:42,overcast clouds
novo oriente,-5.5344,-40.7742,73.13,55.0,55.0,7.23,BR,2021-07-24 04:54:42,broken clouds
tiarei,-17.5333,-149.3333,78.82,66.0,66.0,9.4,PF,2021-07-24 04:54:42,clear sky
shenjiamen,29.9576,122.298,76.55,94.0,94.0,35.93,CN,2021-07-24 04:54:43,moderate rain
kraksaan,-7.7585,113.3962,87.89,48.0,48.0,5.97,ID,2021-07-24 04:54:43,clear sky
tayga,56.06,85.6197,77.25,61.0,61.0,3.09,RU,2021-07-24 04:54:43,overcast clouds
egvekinot,66.3167,-179.1667,47.57,89.0,89.0,5.77,RU,2021-07-24 04:54:44,overcast clouds
sangar,63.9242,127.4739,72.75,56.0,56.0,4.94,RU,2021-07-24 04:54:44,overcast clouds
kulu,39.0951,33.0799,66.2,52.0,52.0,12.86,TR,2021-07-24 04:54:45,clear sky
norman wells,65.282,-126.8329,60.84,67.0,67.0,0.0,CA,2021-07-24 04:54:45,broken clouds
ruteng,-8.6136,120.4721,76.64,41.0,41.0,2.53,ID,2021-07-24 04:54:45,scattered clouds
merauke,-8.4667,140.3333,81.43,69.0,69.0,14.58,ID,2021-07-24 04:54:46,overcast clouds
lavrentiya,65.5833,-171.0,51.55,74.0,74.0,7.47,RU,2021-07-24 04:54:46,scattered clouds
coracora,-15.0333,-73.7833,46.56,52.0,52.0,1.03,PE,2021-07-24 04:54:46,clear sky
muscat,23.6139,58.5922,95.94,51.0,51.0,3.83,OM,2021-07-24 04:54:47,scattered clouds
mezen,65.8522,44.24,43.68,88.0,88.0,10.74,RU,2021-07-24 04:54:47,overcast clouds
homer,59.6425,-151.5483,62.08,78.0,78.0,6.91,US,2021-07-24 04:51:21,overcast clouds
barentsburg,,,,,,,,,
kidal,18.4411,1.4078,82.67,57.0,57.0,18.39,ML,2021-07-24 04:54:48,overcast clouds
lar gerd,,,,,,,,,
banda aceh,5.5577,95.3222,87.48,66.0,66.0,15.08,ID,2021-07-24 04:53:15,overcast clouds
gamba,-2.65,10.0,68.94,86.0,86.0,1.01,GA,2021-07-24 04:54:49,broken clouds
vostok,46.4856,135.8833,89.87,44.0,44.0,6.62,RU,2021-07-24 04:54:49,overcast clouds
san cristobal,7.7669,-72.225,65.82,98.0,98.0,3.27,VE,2021-07-24 04:54:49,overcast clouds
maragogi,-9.0122,-35.2225,73.96,77.0,77.0,10.8,BR,2021-07-24 04:54:50,scattered clouds
doka,13.5167,35.7667,70.99,94.0,94.0,10.87,SD,2021-07-24 04:54:50,overcast clouds
alyangula,-13.8483,136.4192,84.07,61.0,61.0,9.22,AU,2021-07-24 04:54:50,clear sky
mareeba,-17.0,145.4333,91.44,30.0,30.0,5.93,AU,2021-07-24 04:54:51,clear sky
priladozhskiy,59.85,31.4833,61.54,1.0,1.0,7.2,RU,2021-07-24 04:54:51,broken clouds
gigmoto,13.7796,124.39,87.42,70.0,70.0,18.77,PH,2021-07-24 04:54:52,overcast clouds
lorengau,-2.0226,147.2712,83.8,78.0,78.0,9.8,PG,2021-07-24 04:54:52,overcast clouds
hovd,48.0056,91.6419,82.67,23.0,23.0,0.56,MN,2021-07-24 04:54:52,clear sky
santiago del estero,-27.7951,-64.2615,66.15,38.0,38.0,9.42,AR,2021-07-24 04:54:53,clear sky
bambous virieux,-20.3428,57.7575,74.21,94.0,94.0,6.91,MU,2021-07-24 04:54:53,broken clouds
jatai,-17.8814,-51.7144,64.33,55.0,55.0,7.14,BR,2021-07-24 04:54:53,clear sky
yulara,-25.2406,130.9889,66.04,27.0,27.0,10.36,AU,2021-07-24 04:54:54,broken clouds
scarborough,54.2797,-0.4044,59.85,81.0,81.0,1.01,GB,2021-07-24 04:54:54,overcast clouds
gizeh,30.0081,31.2109,79.54,39.0,39.0,9.37,EG,2021-07-24 04:54:54,clear sky
myskhako,44.6714,37.7433,71.38,50.0,50.0,9.4,RU,2021-07-24 04:54:55,clear sky
vila,42.0304,-8.1588,53.33,86.0,86.0,1.81,PT,2021-07-24 04:54:55,few clouds
harduaganj,27.95,78.1667,93.74,55.0,55.0,8.19,IN,2021-07-24 04:54:56,overcast clouds
kyshtovka,56.555,76.6271,78.94,58.0,58.0,5.66,RU,2021-07-24 04:54:56,scattered clouds
sortland,68.6949,15.4162,52.36,98.0,98.0,7.43,NO,2021-07-24 04:54:56,overcast clouds
chavakkad,10.5333,76.05,81.77,80.0,80.0,11.23,IN,2021-07-24 04:54:57,moderate rain
pangody,65.85,74.4859,60.98,61.0,61.0,8.03,RU,2021-07-24 04:54:57,overcast clouds
kopavogur,64.1123,-21.913,55.31,88.0,88.0,13.8,IS,2021-07-24 04:54:57,light intensity drizzle
aizawl,23.7333,92.7167,75.0,83.0,83.0,3.44,IN,2021-07-24 04:54:58,mist
san miguel,13.4833,-88.1833,80.28,64.0,64.0,2.17,SV,2021-07-24 04:53:10,overcast clouds
ahumada,,,,,,,,,
ambovombe,-25.1667,46.0833,64.56,55.0,55.0,9.26,MG,2021-07-24 04:54:59,overcast clouds
poronaysk,49.2167,143.1167,69.73,89.0,89.0,8.77,RU,2021-07-24 04:54:59,overcast clouds
bilibino,68.0546,166.4372,62.76,41.0,41.0,12.1,RU,2021-07-24 04:54:59,overcast clouds
ilulissat,69.2167,-51.1,36.32,82.0,82.0,8.46,GL,2021-07-24 04:55:00,overcast clouds
kavieng,-2.5744,150.7967,85.35,69.0,69.0,13.73,PG,2021-07-24 04:55:00,overcast clouds
burnie,-41.0667,145.9167,47.91,82.0,82.0,14.85,AU,2021-07-24 04:55:00,overcast clouds
matagami,49.7502,-77.6328,57.31,77.0,77.0,3.44,CA,2021-07-24 04:55:01,clear sky
verkhnevilyuysk,63.4453,120.3167,80.15,34.0,34.0,6.87,RU,2021-07-24 04:55:01,broken clouds
buluang,13.3068,123.3425,84.74,80.0,80.0,17.47,PH,2021-07-24 04:55:01,heavy intensity rain
ketchenery,,,,,,,,,
maniitsoq,65.4167,-52.9,41.31,96.0,96.0,3.65,GL,2021-07-24 04:55:02,light rain
tilichiki,60.4667,166.1,58.3,76.0,76.0,8.75,RU,2021-07-24 04:55:02,broken clouds
vardo,70.3705,31.1107,46.47,82.0,82.0,36.04,NO,2021-07-24 04:55:03,overcast clouds
kasongo-lunda,-6.4667,16.8167,61.38,43.0,43.0,1.05,CD,2021-07-24 04:55:03,scattered clouds
ketrzyn,54.0768,21.3753,61.43,90.0,90.0,4.88,PL,2021-07-24 04:55:04,few clouds
rawlins,41.7911,-107.2387,75.09,26.0,26.0,10.36,US,2021-07-24 04:52:32,clear sky
ondangwa,-17.9167,15.95,44.6,23.0,23.0,5.75,NA,2021-07-24 04:55:04,clear sky
ostersund,63.1792,14.6357,54.61,93.0,93.0,6.91,SE,2021-07-24 04:55:04,scattered clouds
kungalv,57.871,11.9805,58.86,94.0,94.0,4.0,SE,2021-07-24 04:55:05,few clouds
college,64.8569,-147.8028,66.29,88.0,88.0,0.0,US,2021-07-24 04:55:05,light rain
laguna,38.421,-121.4238,89.44,44.0,44.0,5.75,US,2021-07-24 04:55:06,clear sky
jaffna,9.6685,80.0074,84.67,74.0,74.0,21.52,LK,2021-07-24 04:55:06,overcast clouds
semibratovo,57.3046,39.5369,55.26,73.0,73.0,6.76,RU,2021-07-24 04:55:06,overcast clouds
corowa,-36.0333,146.3833,50.32,94.0,94.0,14.79,AU,2021-07-24 04:55:07,overcast clouds
santa isabel do rio negro,-0.4139,-65.0192,72.05,99.0,99.0,0.87,BR,2021-07-24 04:55:07,overcast clouds
tual,-5.6667,132.75,79.48,79.0,79.0,9.1,ID,2021-07-24 04:55:07,overcast clouds
gat,31.61,34.7642,79.92,100.0,100.0,10.07,IL,2021-07-24 04:55:08,broken clouds
clyde river,70.4692,-68.5914,32.23,93.0,93.0,4.61,CA,2021-07-24 04:55:08,clear sky
zeya,53.75,127.2667,73.96,93.0,93.0,6.02,RU,2021-07-24 04:55:09,light rain
khatanga,71.9667,102.5,62.37,45.0,45.0,10.38,RU,2021-07-24 04:55:09,overcast clouds
palmer,42.1584,-72.3287,63.03,86.0,86.0,0.0,US,2021-07-24 04:55:09,clear sky
fort abbas,29.1925,72.8536,97.61,43.0,43.0,3.58,PK,2021-07-24 04:55:10,scattered clouds
mocambique,,,,,,,,,
narsaq,60.9167,-46.05,45.16,77.0,77.0,2.86,GL,2021-07-24 04:55:10,broken clouds
saryozek,44.3583,77.9753,90.43,16.0,16.0,5.23,KZ,2021-07-24 04:55:11,clear sky
karlshamn,56.1706,14.8619,66.69,78.0,78.0,5.7,SE,2021-07-24 04:55:11,overcast clouds
tessalit,20.1986,1.0114,85.82,40.0,40.0,12.77,ML,2021-07-24 04:55:11,broken clouds
port lincoln,-34.7333,135.8667,52.83,74.0,74.0,37.38,AU,2021-07-24 04:55:12,broken clouds
auki,-8.7676,160.7034,84.61,69.0,69.0,0.29,SB,2021-07-24 04:55:12,scattered clouds
port-cartier,50.0334,-66.8654,57.74,87.0,87.0,4.34,CA,2021-07-24 04:55:12,broken clouds
andros town,24.7,-77.7667,82.36,74.0,74.0,9.82,BS,2021-07-24 04:55:13,overcast clouds
comodoro rivadavia,-45.8667,-67.5,44.46,53.0,53.0,20.71,AR,2021-07-24 04:55:13,clear sky
balabac,7.9868,117.0645,86.79,70.0,70.0,15.46,PH,2021-07-24 04:55:13,broken clouds
davila,18.4726,120.5763,80.58,90.0,90.0,27.38,PH,2021-07-24 04:55:14,heavy intensity rain
katsuura,35.1333,140.3,91.51,69.0,69.0,10.02,JP,2021-07-24 04:55:14,few clouds
severo-kurilsk,50.6789,156.125,57.38,91.0,91.0,6.31,RU,2021-07-24 04:55:15,broken clouds
camacha,33.0833,-16.3333,66.96,83.0,83.0,11.5,PT,2021-07-24 04:55:15,few clouds
sisimiut,66.9395,-53.6735,36.05,94.0,94.0,15.46,GL,2021-07-24 04:55:15,light rain
port-gentil,-0.7193,8.7815,74.77,78.0,78.0,8.77,GA,2021-07-24 04:55:16,overcast clouds
miranorte,,,,,,,,,
mayna,54.1135,47.6231,63.7,62.0,62.0,10.56,RU,2021-07-24 04:55:16,few clouds
birkeland,58.3309,8.2323,54.95,94.0,94.0,5.75,NO,2021-07-24 04:55:17,few clouds
geraldton,-28.7667,114.6,64.81,68.0,68.0,3.44,AU,2021-07-24 04:55:17,overcast clouds
carnot,4.9409,15.8665,66.29,98.0,98.0,2.53,CF,2021-07-24 04:55:17,scattered clouds
wanning,18.8003,110.3967,85.93,77.0,77.0,7.72,CN,2021-07-24 04:55:18,scattered clouds
seriate,45.6834,9.7229,75.94,78.0,78.0,3.44,IT,2021-07-24 04:55:18,clear sky
kinna,57.5073,12.6946,59.23,77.0,77.0,3.02,SE,2021-07-24 04:55:18,clear sky
knokke-heist,51.3333,3.3333,63.19,81.0,81.0,3.0,BE,2021-07-24 04:55:19,overcast clouds
chifeng,42.2683,118.9636,89.92,44.0,44.0,9.17,CN,2021-07-24 04:55:19,overcast clouds
morondava,-20.2833,44.2833,67.32,60.0,60.0,18.07,MG,2021-07-24 04:55:20,clear sky
kaohsiung,22.6163,120.3133,89.55,74.0,74.0,15.01,TW,2021-07-24 04:55:20,broken clouds
aksarayskiy,46.7924,48.0119,76.98,41.0,41.0,10.18,RU,2021-07-24 04:55:20,clear sky
zholymbet,51.7433,71.7122,83.75,24.0,24.0,6.89,KZ,2021-07-24 04:55:21,clear sky
kalomo,,,,,,,,,
krasnyy chikoy,50.3643,108.7512,73.31,46.0,46.0,6.31,RU,2021-07-24 04:55:21,few clouds
derzhavinsk,51.1,66.3167,90.88,20.0,20.0,12.15,KZ,2021-07-24 04:55:22,overcast clouds
xuddur,4.1213,43.8894,72.57,64.0,64.0,23.35,SO,2021-07-24 04:55:22,overcast clouds
youghal,51.95,-7.8506,62.58,99.0,99.0,7.63,IE,2021-07-24 04:55:22,broken clouds
estrella,15.75,121.0333,80.29,88.0,88.0,6.04,PH,2021-07-24 04:55:23,light rain
katobu,-4.9408,122.5276,86.49,50.0,50.0,7.07,ID,2021-07-24 04:55:23,scattered clouds
cosmesti,45.8702,27.3112,68.54,60.0,60.0,8.84,RO,2021-07-24 04:55:23,few clouds
henties bay,-22.116,14.2845,66.4,20.0,20.0,18.88,NA,2021-07-24 04:55:24,few clouds
isiro,2.7739,27.616,67.24,95.0,95.0,2.62,CD,2021-07-24 04:55:24,light rain
mikhaylovka,50.06,43.2379,72.27,45.0,45.0,6.73,RU,2021-07-24 04:55:26,clear sky
marquette,46.5333,-87.6335,71.78,93.0,93.0,9.93,US,2021-07-24 04:55:26,very heavy rain
bay roberts,47.5999,-53.2648,59.23,98.0,98.0,1.99,CA,2021-07-24 04:55:26,light rain
rosa zarate,0.3333,-79.4667,70.65,95.0,95.0,2.08,EC,2021-07-24 04:55:27,light rain
karaul,,,,,,,,,
saleaula,,,,,,,,,
husavik,66.0449,-17.3389,60.71,86.0,86.0,12.37,IS,2021-07-24 04:55:27,overcast clouds
camocim,-2.9022,-40.8411,77.36,78.0,78.0,11.16,BR,2021-07-24 04:55:28,scattered clouds
bonavista,48.6499,-53.1147,56.12,98.0,98.0,6.55,CA,2021-07-24 04:55:28,overcast clouds
petrivka,46.9695,30.9591,68.45,57.0,57.0,7.43,UA,2021-07-24 04:55:28,clear sky
alexandria,31.2156,29.9553,78.76,69.0,69.0,11.5,EG,2021-07-24 04:55:29,scattered clouds
provideniya,64.3833,-173.3,52.97,80.0,80.0,7.7,RU,2021-07-24 04:55:29,overcast clouds
bargal,,,,,,,,,
meadville,41.6414,-80.1515,67.23,85.0,85.0,3.94,US,2021-07-24 04:55:30,broken clouds
roald,62.5833,6.1333,59.32,94.0,94.0,3.44,NO,2021-07-24 04:55:30,clear sky
bastia,42.6667,9.3333,74.3,81.0,81.0,3.44,FR,2021-07-24 04:55:30,clear sky
almunecar,36.7339,-3.6907,86.43,72.0,72.0,5.93,ES,2021-07-24 04:55:31,few clouds
kokopo,-4.352,152.2633,85.82,65.0,65.0,10.31,PG,2021-07-24 04:55:31,broken clouds
kargasok,59.0556,80.8572,80.06,44.0,44.0,7.14,RU,2021-07-24 04:55:33,clear sky
flinders,-34.5833,150.8552,64.2,51.0,51.0,13.0,AU,2021-07-24 04:55:33,scattered clouds
acuna,,,,,,,,,
kimberley,-28.7323,24.7623,26.29,68.0,68.0,2.3,ZA,2021-07-24 04:55:34,clear sky
kuche,,,,,,,,,
cordoba,-31.4135,-64.1811,61.75,44.0,44.0,1.01,AR,2021-07-24 04:53:39,clear sky
ankazoabo,-22.2833,44.5167,60.06,66.0,66.0,17.27,MG,2021-07-24 04:55:34,scattered clouds
solano,38.2333,-121.9511,70.95,60.0,60.0,21.85,US,2021-07-24 04:55:35,clear sky
duekoue,6.7472,-7.3496,67.08,100.0,100.0,2.17,CI,2021-07-24 04:55:35,broken clouds
aklavik,68.2191,-135.0107,68.72,39.0,39.0,5.82,CA,2021-07-24 04:55:22,broken clouds
ono,34.85,134.9333,94.48,47.0,47.0,6.91,JP,2021-07-24 04:55:36,broken clouds
san policarpo,12.1791,125.5072,91.35,53.0,53.0,13.49,PH,2021-07-24 04:55:36,broken clouds
ayan,56.45,138.1667,59.18,90.0,90.0,11.59,RU,2021-07-24 04:55:36,broken clouds
valparaiso,-33.0393,-71.6273,53.47,78.0,78.0,6.91,CL,2021-07-24 04:55:28,overcast clouds
snina,48.9886,22.151,66.36,76.0,76.0,1.28,SK,2021-07-24 04:55:37,broken clouds
shingu,33.7333,135.9833,85.19,67.0,67.0,6.4,JP,2021-07-24 04:55:37,overcast clouds
san quintin,30.4833,-115.95,68.88,85.0,85.0,8.14,MX,2021-07-24 04:55:38,broken clouds
pisco,-13.7,-76.2167,62.65,77.0,77.0,11.5,PE,2021-07-24 04:55:38,overcast clouds
dong hoi,17.4833,106.6,81.34,73.0,73.0,18.7,VN,2021-07-24 04:55:38,overcast clouds
smithers,54.7804,-127.1743,57.52,88.0,88.0,0.0,CA,2021-07-24 04:51:46,broken clouds
salekhard,66.53,66.6019,64.26,50.0,50.0,8.95,RU,2021-07-24 04:51:30,scattered clouds
vestmanna,62.1564,-7.1664,49.12,100.0,100.0,3.44,FO,2021-07-24 04:55:39,few clouds
kilinochchi,9.3961,80.3982,87.91,59.0,59.0,18.79,LK,2021-07-24 04:55:39,overcast clouds
senmonorom,,,,,,,,,
santa cruz,-17.8,-63.1667,69.26,83.0,83.0,6.91,BO,2021-07-24 04:52:53,clear sky
the pas,53.8251,-101.2541,66.22,63.0,63.0,10.92,CA,2021-07-24 04:55:40,broken clouds
rundu,-17.9333,19.7667,39.33,22.0,22.0,6.69,NA,2021-07-24 04:55:41,clear sky
balen,51.1684,5.1717,62.53,95.0,95.0,5.75,BE,2021-07-24 04:55:41,overcast clouds
monastyrshchina,54.3496,31.838,61.09,79.0,79.0,2.15,RU,2021-07-24 04:55:41,scattered clouds
bowmore,34.9421,-79.3031,76.69,87.0,87.0,5.5,US,2021-07-24 04:55:42,clear sky
angoche,-16.2325,39.9086,71.87,64.0,64.0,18.9,MZ,2021-07-24 04:55:42,overcast clouds
las vegas,36.175,-115.1372,99.34,29.0,29.0,8.99,US,2021-07-24 04:49:41,broken clouds
bani,18.2833,-70.3333,79.75,79.0,79.0,8.57,DO,2021-07-24 04:55:43,scattered clouds
hanna,51.6334,-111.9018,63.91,54.0,54.0,5.01,CA,2021-07-24 04:55:43,clear sky
mitu,1.1983,-70.1733,70.81,99.0,99.0,2.46,CO,2021-07-24 04:55:43,overcast clouds
kapit,2.0167,112.9333,89.98,63.0,63.0,3.69,MY,2021-07-24 04:55:44,broken clouds
ilorin,8.5,4.55,70.66,86.0,86.0,8.03,NG,2021-07-24 04:55:44,overcast clouds
cameta,-2.2444,-49.4958,76.35,80.0,80.0,5.48,BR,2021-07-24 04:55:44,scattered clouds
hambantota,6.1241,81.1185,84.54,84.0,84.0,18.41,LK,2021-07-24 04:55:45,broken clouds
dundee,56.5,-2.9667,58.17,88.0,88.0,1.14,GB,2021-07-24 04:55:45,overcast clouds
alice town,25.7167,-79.3,83.68,74.0,74.0,12.01,BS,2021-07-24 04:55:46,overcast clouds
sorong,-0.8833,131.25,79.41,78.0,78.0,10.47,ID,2021-07-24 04:55:46,overcast clouds
kantunilkin,21.0917,-87.45,81.95,98.0,98.0,1.81,MX,2021-07-24 04:55:46,overcast clouds
launceston,-41.45,147.1667,47.84,90.0,90.0,5.01,AU,2021-07-24 04:55:47,light intensity shower rain
formoso do araguaia,,,,,,,,,
krasnoselkup,65.7,82.4667,67.05,56.0,56.0,10.63,RU,2021-07-24 04:55:47,overcast clouds
puerto colombia,10.9878,-74.9547,80.69,89.0,89.0,15.3,CO,2021-07-24 04:55:48,overcast clouds
proddatur,14.7333,78.55,85.69,54.0,54.0,20.6,IN,2021-07-24 04:55:48,overcast clouds
novyy urengoy,66.0833,76.6333,60.3,60.0,60.0,10.96,RU,2021-07-24 04:55:48,overcast clouds
talaya,61.3833,152.75,58.17,80.0,80.0,1.88,RU,2021-07-24 04:55:49,overcast clouds
calabozo,8.9242,-67.4293,73.44,98.0,98.0,2.26,VE,2021-07-24 04:55:49,overcast clouds
rodez,44.5,2.5833,64.08,88.0,88.0,8.05,FR,2021-07-24 04:55:49,overcast clouds
madaoua,14.073,5.96,77.94,76.0,76.0,12.1,NE,2021-07-24 04:55:50,broken clouds
klyuchi,52.2667,79.1667,73.0,63.0,63.0,1.83,RU,2021-07-24 04:55:50,overcast clouds
shubarshi,48.5872,57.1869,75.97,58.0,58.0,7.65,KZ,2021-07-24 04:55:50,overcast clouds
tonantins,-2.8731,-67.8022,76.24,82.0,82.0,2.77,BR,2021-07-24 04:55:51,overcast clouds
terney,45.0503,136.6092,81.09,75.0,75.0,6.87,RU,2021-07-24 04:55:51,broken clouds
nikolayevskaya,47.6139,41.5023,74.55,42.0,42.0,7.18,RU,2021-07-24 04:55:52,clear sky
umm kaddadah,13.6017,26.6876,83.52,53.0,53.0,7.09,SD,2021-07-24 04:55:52,overcast clouds
santa maria,-29.6842,-53.8069,57.87,75.0,75.0,2.98,BR,2021-07-24 04:55:52,clear sky
sentyabrskiy,,,,,,,,,
shache,38.4167,77.2406,90.9,23.0,23.0,5.1,CN,2021-07-24 04:55:53,clear sky
inongo,-1.95,18.2667,65.95,74.0,74.0,4.0,CD,2021-07-24 04:55:53,clear sky
dongsheng,39.8161,109.9776,80.47,41.0,41.0,16.91,CN,2021-07-24 04:55:54,clear sky
channel-port aux basques,47.5702,-59.1367,56.25,89.0,89.0,11.34,CA,2021-07-24 04:55:54,overcast clouds
saint-francois,46.4154,3.9054,66.47,99.0,99.0,11.5,FR,2021-07-24 04:55:54,overcast clouds
lahij,13.1667,44.5833,82.15,60.0,60.0,5.46,YE,2021-07-24 04:55:55,overcast clouds
kununurra,-15.7667,128.7333,93.18,21.0,21.0,9.22,AU,2021-07-24 04:55:55,broken clouds
barra,-11.0894,-43.1417,70.16,64.0,64.0,9.48,BR,2021-07-24 04:55:55,scattered clouds
nanchong,30.7951,106.0847,90.14,58.0,58.0,3.76,CN,2021-07-24 04:55:56,moderate rain
charters towers,-20.1,146.2667,80.13,27.0,27.0,7.09,AU,2021-07-24 04:55:56,clear sky
coquimbo,-29.9533,-71.3436,53.33,82.0,82.0,4.61,CL,2021-07-24 04:55:57,overcast clouds
mahajanga,-15.7167,46.3167,66.22,68.0,68.0,3.44,MG,2021-07-24 04:55:57,scattered clouds
silopi,37.2497,42.4694,92.14,14.0,14.0,4.59,TR,2021-07-24 04:55:57,clear sky
puerto del rosario,28.5004,-13.8627,74.95,69.0,69.0,14.97,ES,2021-07-24 04:55:58,overcast clouds
awbari,26.5921,12.7805,75.04,32.0,32.0,8.93,LY,2021-07-24 04:55:58,clear sky
sokoto,13.0609,5.239,75.2,84.0,84.0,9.33,NG,2021-07-24 04:55:58,light rain
ulaangom,49.9811,92.0667,79.2,46.0,46.0,9.86,MN,2021-07-24 04:55:59,scattered clouds
saint-augustin,51.226,-58.6502,48.52,94.0,94.0,10.29,CA,2021-07-24 04:55:59,overcast clouds
tazovskiy,67.4667,78.7,53.73,72.0,72.0,15.73,RU,2021-07-24 04:56:00,overcast clouds
bilma,18.6853,12.9164,85.77,50.0,50.0,12.64,NE,2021-07-24 04:56:00,scattered clouds
vila do maio,15.1333,-23.2167,75.99,71.0,71.0,10.4,CV,2021-07-24 04:56:00,broken clouds
ketchikan,55.3422,-131.6461,54.59,98.0,98.0,3.31,US,2021-07-24 04:56:01,moderate rain
nargana,9.4428,-78.5906,79.77,85.0,85.0,6.67,PA,2021-07-24 04:56:01,overcast clouds
veraval,20.9,70.3667,83.73,82.0,82.0,19.64,IN,2021-07-24 04:56:01,overcast clouds
parati,-23.2178,-44.7131,62.11,61.0,61.0,3.33,BR,2021-07-24 04:56:02,clear sky
the valley,18.217,-63.0578,81.1,82.0,82.0,23.6,AI,2021-07-24 04:56:02,clear sky
mama,58.3106,112.8986,77.67,45.0,45.0,8.1,RU,2021-07-24 04:56:02,scattered clouds
kainantu,-6.2887,145.8655,65.48,92.0,92.0,3.65,PG,2021-07-24 04:56:03,overcast clouds
cabinda,-5.55,12.2,68.22,90.0,90.0,2.46,AO,2021-07-24 04:56:03,few clouds
rawson,-43.3002,-65.1023,44.51,44.0,44.0,8.99,AR,2021-07-24 04:56:03,few clouds
kilgore,32.3863,-94.8758,81.45,89.0,89.0,0.0,US,2021-07-24 04:46:44,clear sky
kalmunai,7.4167,81.8167,90.07,49.0,49.0,6.85,LK,2021-07-24 04:56:04,broken clouds
shenandoah,30.4013,-91.0009,81.14,93.0,93.0,4.76,US,2021-07-24 04:56:04,few clouds
mumford,5.2618,-0.759,74.55,80.0,80.0,8.43,GH,2021-07-24 04:56:05,scattered clouds
hervey bay,-25.2986,152.8535,77.11,56.0,56.0,9.01,AU,2021-07-24 04:56:02,few clouds
karaidel,55.8337,56.9069,69.42,54.0,54.0,4.29,RU,2021-07-24 04:56:05,scattered clouds
alenquer,-1.9417,-54.7383,75.54,70.0,70.0,4.09,BR,2021-07-24 04:56:06,overcast clouds
harper,4.375,-7.7169,75.34,74.0,74.0,6.44,LR,2021-07-24 04:56:06,overcast clouds
wajima,37.4,136.9,81.28,89.0,89.0,5.75,JP,2021-07-24 04:56:06,broken clouds
dombarovskiy,50.7587,59.5386,73.9,62.0,62.0,10.22,RU,2021-07-24 04:56:07,overcast clouds
kars,40.602,43.095,63.45,57.0,57.0,4.47,TR,2021-07-24 04:56:07,clear sky
kamenka,51.3223,42.7678,69.06,52.0,52.0,8.01,RU,2021-07-24 04:56:07,clear sky
ciras,,,,,,,,,
bundaberg,-24.85,152.35,77.29,61.0,61.0,8.01,AU,2021-07-24 04:56:08,scattered clouds
rio grande,-32.035,-52.0986,59.25,86.0,86.0,4.9,BR,2021-07-24 04:56:08,light rain
mudyuga,,,,,,,,,
karasburg,-28.0167,18.75,37.71,26.0,26.0,14.76,NA,2021-07-24 04:56:09,clear sky
mrirt,,,,,,,,,
trat,12.5,102.5,86.2,86.0,86.0,13.02,TH,2021-07-24 04:56:09,light rain
karauzyak,,,,,,,,,
el alto,-4.2714,-81.2147,63.93,81.0,81.0,11.01,PE,2021-07-24 04:56:10,scattered clouds
alotau,,,,,,,,,
southaven,34.989,-90.0126,77.97,92.0,92.0,3.0,US,2021-07-24 04:56:11,clear sky
wairoa,-39.0333,177.3667,52.61,81.0,81.0,4.0,NZ,2021-07-24 04:56:11,broken clouds
corralillo,22.9819,-80.5856,78.24,83.0,83.0,6.4,CU,2021-07-24 04:56:11,overcast clouds
awka,6.2101,7.0741,75.61,95.0,95.0,2.35,NG,2021-07-24 04:56:12,overcast clouds
atasu,48.6814,71.6433,87.35,23.0,23.0,1.66,KZ,2021-07-24 04:56:12,clear sky
bajil,15.0584,43.2851,85.84,62.0,62.0,2.01,YE,2021-07-24 04:56:12,overcast clouds
meulaboh,4.1363,96.1285,85.19,66.0,66.0,2.98,ID,2021-07-24 04:56:13,overcast clouds
mecca,21.4267,39.8261,91.42,29.0,29.0,9.13,SA,2021-07-24 04:53:20,broken clouds
ryuo,35.65,138.5,93.52,69.0,69.0,4.16,JP,2021-07-24 04:56:13,few clouds
ust-katav,54.9369,58.1656,66.99,62.0,62.0,3.71,RU,2021-07-24 04:52:14,broken clouds
billings,45.7833,-108.5007,80.37,23.0,23.0,10.36,US,2021-07-24 04:50:05,few clouds
menongue,-14.6585,17.691,41.09,34.0,34.0,4.83,AO,2021-07-24 04:56:14,clear sky
lagoa,39.05,-27.9833,69.96,94.0,94.0,12.82,PT,2021-07-24 04:56:14,overcast clouds
kotka,60.4664,26.9458,58.96,54.0,54.0,6.91,FI,2021-07-24 04:56:15,clear sky
kysyl-syr,63.8986,122.7617,76.17,44.0,44.0,4.07,RU,2021-07-24 04:56:15,overcast clouds
dicabisagan,17.0818,122.4157,87.22,63.0,63.0,5.64,PH,2021-07-24 04:56:15,overcast clouds
necochea,-38.5473,-58.7368,44.04,74.0,74.0,12.5,AR,2021-07-24 04:56:16,overcast clouds
nioki,-2.7167,17.6833,67.59,68.0,68.0,2.98,CD,2021-07-24 04:56:16,scattered clouds
nguiu,,,,,,,,,
saint anthony,45.0205,-93.218,84.97,75.0,75.0,4.0,US,2021-07-24 04:56:17,overcast clouds
sao joao da barra,-21.6403,-41.0511,66.07,72.0,72.0,5.21,BR,2021-07-24 04:55:19,few clouds
gobabis,-22.45,18.9667,36.05,31.0,31.0,9.91,NA,2021-07-24 04:56:17,clear sky
kenai,60.5544,-151.2583,62.02,84.0,84.0,5.75,US,2021-07-24 04:55:48,overcast clouds
mount gambier,-37.8333,140.7667,44.51,93.0,93.0,18.41,AU,2021-07-24 04:53:22,moderate rain
moose factory,51.2585,-80.6094,71.6,60.0,60.0,13.8,CA,2021-07-24 04:56:18,clear sky
aksu,41.1231,80.2644,90.23,28.0,28.0,4.61,CN,2021-07-24 04:56:18,clear sky
broken hill,-31.95,141.4333,56.91,47.0,47.0,23.02,AU,2021-07-24 04:56:19,broken clouds
nyurba,63.2842,118.3319,80.53,34.0,34.0,5.7,RU,2021-07-24 04:56:19,clear sky
san jose,37.3394,-121.895,68.72,70.0,70.0,9.22,US,2021-07-24 04:50:17,clear sky
bossier city,32.516,-93.7321,81.99,87.0,87.0,3.87,US,2021-07-24 04:56:20,broken clouds
samarai,-10.6167,150.6667,80.53,84.0,84.0,11.34,PG,2021-07-24 04:56:20,light rain
kolokani,13.5728,-8.0339,73.33,87.0,87.0,7.9,ML,2021-07-24 04:56:20,scattered clouds
svetlogorsk,52.6333,29.7333,64.58,76.0,76.0,6.2,BY,2021-07-24 04:56:21,overcast clouds
keita,14.7551,5.7749,76.28,81.0,81.0,10.31,NE,2021-07-24 04:56:21,overcast clouds
jining,35.405,116.5814,91.02,47.0,47.0,5.7,CN,2021-07-24 04:56:22,scattered clouds
goba,7.0167,39.9833,54.63,87.0,87.0,2.26,ET,2021-07-24 04:56:22,light rain
baicheng,45.6167,122.8167,90.28,47.0,47.0,9.28,CN,2021-07-24 04:56:22,light rain
ukiah,39.1502,-123.2078,67.37,44.0,44.0,1.95,US,2021-07-24 04:56:23,clear sky
koran,43.8103,18.5689,53.11,100.0,100.0,1.14,BA,2021-07-24 04:56:23,scattered clouds
vao,-22.6667,167.4833,71.2,80.0,80.0,8.16,NC,2021-07-24 04:56:23,clear sky
lodja,-3.4833,23.4333,68.61,38.0,38.0,1.74,CD,2021-07-24 04:56:24,scattered clouds
kangar,6.4414,100.1986,91.65,71.0,71.0,6.02,MY,2021-07-24 04:56:24,overcast clouds
yen bai,21.7,104.8667,94.03,55.0,55.0,1.59,VN,2021-07-24 04:56:24,clear sky
jiazi,22.8779,116.067,91.08,62.0,62.0,7.94,CN,2021-07-24 04:56:25,clear sky
bima,-8.4667,118.7167,93.69,28.0,28.0,9.08,ID,2021-07-24 04:56:25,few clouds
cabrero,-37.0333,-72.4,46.83,95.0,95.0,2.68,CL,2021-07-24 04:56:26,scattered clouds
sao filipe,14.8961,-24.4956,73.47,74.0,74.0,9.55,CV,2021-07-24 04:56:26,clear sky
ciego de avila,21.84,-78.7619,74.52,95.0,95.0,4.29,CU,2021-07-24 04:56:26,overcast clouds
luganville,-15.5333,167.1667,79.41,80.0,80.0,3.42,VU,2021-07-24 04:56:27,overcast clouds
ruatoria,,,,,,,,,
san patricio,28.017,-97.5169,83.86,83.0,83.0,13.18,US,2021-07-24 04:56:27,clear sky
mackay,-21.15,149.2,86.68,45.0,45.0,10.36,AU,2021-07-24 04:56:28,scattered clouds
zacoalco,,,,,,,,,
upington,-28.4478,21.2561,28.78,59.0,59.0,0.0,ZA,2021-07-24 04:56:28,clear sky
umm lajj,25.0213,37.2685,86.38,54.0,54.0,1.34,SA,2021-07-24 04:56:29,clear sky
sorvag,,,,,,,,,
raudeberg,61.9875,5.1352,58.19,95.0,95.0,4.54,NO,2021-07-24 04:56:29,scattered clouds
alice springs,-23.7,133.8833,63.95,25.0,25.0,10.36,AU,2021-07-24 04:56:29,scattered clouds
batagay,67.6333,134.6333,79.75,28.0,28.0,4.23,RU,2021-07-24 04:56:30,broken clouds
green river,41.5286,-109.4662,74.19,30.0,30.0,1.01,US,2021-07-24 04:56:30,overcast clouds
san andres,12.5847,-81.7006,82.42,83.0,83.0,11.5,CO,2021-07-24 04:56:31,broken clouds
neverkino,52.7854,46.7417,67.68,56.0,56.0,9.31,RU,2021-07-24 04:56:31,scattered clouds
khani,41.9563,42.9566,62.17,82.0,82.0,1.97,GE,2021-07-24 04:56:31,broken clouds
ngunguru,-35.6167,174.5,59.16,75.0,75.0,8.57,NZ,2021-07-24 04:56:32,clear sky
xushan,30.1764,121.2457,80.53,94.0,94.0,24.83,CN,2021-07-24 04:56:32,light rain
zhuji,29.7188,120.2423,78.89,97.0,97.0,11.12,CN,2021-07-24 04:56:32,heavy intensity rain
kyren,51.6828,102.1408,73.94,56.0,56.0,4.45,RU,2021-07-24 04:56:33,overcast clouds
sobolevo,54.4299,31.8996,60.8,77.0,77.0,2.04,RU,2021-07-24 04:56:33,scattered clouds
wadi musa,30.3222,35.4793,64.83,76.0,76.0,6.96,JO,2021-07-24 04:56:33,scattered clouds
luba,3.4568,8.5547,76.89,88.0,88.0,5.77,GQ,2021-07-24 04:56:34,moderate rain
araouane,18.9048,-3.5265,86.67,44.0,44.0,5.57,ML,2021-07-24 04:56:34,broken clouds
port-de-paix,,,,,,,,,
coahuayana,18.7333,-103.6833,78.24,94.0,94.0,2.1,MX,2021-07-24 04:56:35,broken clouds
los llanos de aridane,28.6585,-17.9182,65.95,90.0,90.0,14.97,ES,2021-07-24 04:56:35,clear sky
toora-khem,52.4675,96.11,76.64,41.0,41.0,1.77,RU,2021-07-24 04:56:35,overcast clouds
mayumba,-3.432,10.6554,67.95,89.0,89.0,1.12,GA,2021-07-24 04:56:36,clear sky
morogoro,-6.8167,37.6667,69.98,60.0,60.0,0.0,TZ,2021-07-24 04:56:36,few clouds
ombessa,4.603,11.2565,67.91,98.0,98.0,2.75,CM,2021-07-24 04:56:37,overcast clouds
abha,18.2164,42.5053,62.85,77.0,77.0,0.0,SA,2021-07-24 04:56:37,scattered clouds
karatau,43.1667,70.4667,93.27,15.0,15.0,5.41,KZ,2021-07-24 04:56:37,clear sky
estreito,-5.7833,-43.25,66.61,47.0,47.0,5.61,BR,2021-07-24 04:52:07,clear sky
mananara,-16.1667,49.7667,68.59,78.0,78.0,5.46,MG,2021-07-24 04:56:38,scattered clouds
